{"cameraMode":{"drawMode":0,"name":"Shaded","section":"Shading Mode"},"sceneLighting":true,"audioPlay":false,"sceneViewState":{"m_AlwaysRefresh":false,"showFog":false,"showSkybox":true,"showFlares":true,"showImageEffects":true,"showParticleSystems":true,"showVisualEffectGraphs":true,"m_FxEnabled":true},"in2DMode":false,"pivot":{"x":-4.409947395324707,"y":36.22917175292969,"z":6.006385803222656},"rotation":{"x":0.19642195105552674,"y":-0.05291922017931938,"z":0.010617079213261605,"w":0.9790313839912415},"size":35.653255462646487,"orthographic":false}